<?xml version="1.0" encoding="UTF-8" standalone="yes"?>
<addon id="repository.chilichingching" 
        name="Chilichingching's Add-ons" 
        version="1.0.0" 
        provider-name="Chilichingching"> 
    <extension point="xbmc.addon.repository" 
        name="Chilichingching's Add-ons"> 
        <info compressed="false">http://chilichingchings-repo.googlecode.com/svn/trunk/addons.xml</info> 
        <checksum>http://nibor-xbmc-repo.googlecode.com/svn/trunk/addons.xml.md5</checksum> 
        <datadir zip="false">http://chilichingchings-repo.googlecode.com/svn/trunk</datadir> 
    </extension> 
    <extension point="xbmc.addon.metadata"> 
        <summary>Install add-ons from Chilichingching's add-on repository</summary> 
        <description>Download and install Kodi add-ons</description> 
        <disclaimer>If it breaks, you get to keep the pieces</disclaimer> 
        <platform>all</platform> 
    </extension> 
</addon>